Workbook
Name Slicer_category: #N/A
Name Slicer_customers_name: #N/A
Name Slicer_product_name: #N/A

Sheet Sheet1
A1: order_id | B1: order_date | C1: customer_id | D1: customers_name | E1: product_name | F1: category | G1: price | H1: quantity | I1: sales
A2: 101 | B2: 46174 | C2: 1 | D2: Rohit | E2: Laptop | F2: Electronics | G2: 50000 | H2: 1 | I2: 50000
A3: 102 | B3: 46175 | C3: 2 | D3: Ravi | E3: Mouse | F3: Electronics | G3: 500 | H3: 2 | I3: 1000
A4: 103 | B4: 46176 | C4: 3 | D4: Ajay | E4: Keyboard | F4: Electronics | G4: 1500 | H4: 1 | I4: 1500
A5: 104 | B5: 46177 | C5: 4 | D5: Kiran | E5: Monitor | F5: Electronics | G5: 12000 | H5: 1 | I5: 12000
A6: 105 | B6: 46178 | C6: 5 | D6: Suresh | E6: Headphones | F6: Electronics | G6: 2500 | H6: 3 | I6: 7500 | N6: KPI Helper - Customer | O6: Visible?
A7: 106 | B7: 46179 | C7: 6 | D7: Vijay | E7: Smartphone | F7: Electronics | G7: 30000 | H7: 1 | I7: 30000 | N7: Rohit | O7: =--(SUMPRODUCT((Salesdata[customers_name]=N7)*ISNUMBER(MATCH(Salesdata[category],salesdata!$A$14:INDEX(salesdata!$A:$A,MATCH("Grand Total",salesdata!$A:$A,0)-1),0))*ISNUMBER(MATCH(Salesdata[product_name],salesdata!$L$14:INDEX(salesdata!$L:$L,MATCH("Grand Total",salesdata!$L:$L,0)-1),0))*IF(Dashboard!$AG$10="(All)",1,--(Salesdata[customers_name]=Dashboard!$AG$10)))>0) -> 1
A8: 107 | B8: 46180 | C8: 7 | D8: Arjun | E8: Tablet | F8: Electronics | G8: 20000 | H8: 2 | I8: 40000 | N8: Ravi | O8: =--(SUMPRODUCT((Salesdata[customers_name]=N8)*ISNUMBER(MATCH(Salesdata[category],salesdata!$A$14:INDEX(salesdata!$A:$A,MATCH("Grand Total",salesdata!$A:$A,0)-1),0))*ISNUMBER(MATCH(Salesdata[product_name],salesdata!$L$14:INDEX(salesdata!$L:$L,MATCH("Grand Total",salesdata!$L:$L,0)-1),0))*IF(Dashboard!$AG$10="(All)",1,--(Salesdata[customers_name]=Dashboard!$AG$10)))>0) -> 1
A9: 108 | B9: 46181 | C9: 8 | D9: Nikhil | E9: Printer | F9: Electronics | G9: 8000 | H9: 1 | I9: 8000 | N9: Ajay | O9: =--(SUMPRODUCT((Salesdata[customers_name]=N9)*ISNUMBER(MATCH(Salesdata[category],salesdata!$A$14:INDEX(salesdata!$A:$A,MATCH("Grand Total",salesdata!$A:$A,0)-1),0))*ISNUMBER(MATCH(Salesdata[product_name],salesdata!$L$14:INDEX(salesdata!$L:$L,MATCH("Grand Total",salesdata!$L:$L,0)-1),0))*IF(Dashboard!$AG$10="(All)",1,--(Salesdata[customers_name]=Dashboard!$AG$10)))>0) -> 1
A10: 109 | B10: 46182 | C10: 9 | D10: Mahesh | E10: Webcam | F10: Electronics | G10: 1800 | H10: 2 | I10: 3600 | N10: Kiran | O10: =--(SUMPRODUCT((Salesdata[customers_name]=N10)*ISNUMBER(MATCH(Salesdata[category],salesdata!$A$14:INDEX(salesdata!$A:$A,MATCH("Grand Total",salesdata!$A:$A,0)-1),0))*ISNUMBER(MATCH(Salesdata[product_name],salesdata!$L$14:INDEX(salesdata!$L:$L,MATCH("Grand Total",salesdata!$L:$L,0)-1),0))*IF(Dashboard!$AG$10="(All)",1,--(Salesdata[customers_name]=Dashboard!$AG$10)))>0) -> 1
A11: 110 | B11: 46183 | C11: 10 | D11: Ramesh | E11: Speaker | F11: Electronics | G11: 3500 | H11: 1 | I11: 3500 | N11: Suresh | O11: =--(SUMPRODUCT((Salesdata[customers_name]=N11)*ISNUMBER(MATCH(Salesdata[category],salesdata!$A$14:INDEX(salesdata!$A:$A,MATCH("Grand Total",salesdata!$A:$A,0)-1),0))*ISNUMBER(MATCH(Salesdata[product_name],salesdata!$L$14:INDEX(salesdata!$L:$L,MATCH("Grand Total",salesdata!$L:$L,0)-1),0))*IF(Dashboard!$AG$10="(All)",1,--(Salesdata[customers_name]=Dashboard!$AG$10)))>0) -> 1
A12: 111 | B12: 46184 | C12: 11 | D12: Anil | E12: Office Chair | F12: Furniture | G12: 7000 | H12: 1 | I12: 7000 | N12: Vijay | O12: =--(SUMPRODUCT((Salesdata[customers_name]=N12)*ISNUMBER(MATCH(Salesdata[category],salesdata!$A$14:INDEX(salesdata!$A:$A,MATCH("Grand Total",salesdata!$A:$A,0)-1),0))*ISNUMBER(MATCH(Salesdata[product_name],salesdata!$L$14:INDEX(salesdata!$L:$L,MATCH("Grand Total",salesdata!$L:$L,0)-1),0))*IF(Dashboard!$AG$10="(All)",1,--(Salesdata[customers_name]=Dashboard!$AG$10)))>0) -> 1
A13: 112 | B13: 46185 | C13: 12 | D13: Prakash | E13: Study Table | F13: Furniture | G13: 9000 | H13: 2 | I13: 18000 | N13: Arjun | O13: =--(SUMPRODUCT((Salesdata[customers_name]=N13)*ISNUMBER(MATCH(Salesdata[category],salesdata!$A$14:INDEX(salesdata!$A:$A,MATCH("Grand Total",salesdata!$A:$A,0)-1),0))*ISNUMBER(MATCH(Salesdata[product_name],salesdata!$L$14:INDEX(salesdata!$L:$L,MATCH("Grand Total",salesdata!$L:$L,0)-1),0))*IF(Dashboard!$AG$10="(All)",1,--(Salesdata[customers_name]=Dashboard!$AG$10)))>0) -> 1
A14: 113 | B14: 46186 | C14: 13 | D14: Vinay | E14: Bookshelf | F14: Furniture | G14: 6000 | H14: 1 | I14: 6000 | N14: Nikhil | O14: =--(SUMPRODUCT((Salesdata[customers_name]=N14)*ISNUMBER(MATCH(Salesdata[category],salesdata!$A$14:INDEX(salesdata!$A:$A,MATCH("Grand Total",salesdata!$A:$A,0)-1),0))*ISNUMBER(MATCH(Salesdata[product_name],salesdata!$L$14:INDEX(salesdata!$L:$L,MATCH("Grand Total",salesdata!$L:$L,0)-1),0))*IF(Dashboard!$AG$10="(All)",1,--(Salesdata[customers_name]=Dashboard!$AG$10)))>0) -> 1
A15: 114 | B15: 46187 | C15: 14 | D15: Deepak | E15: Pen Drive | F15: Accessories | G15: 700 | H15: 5 | I15: 3500 | N15: Mahesh | O15: =--(SUMPRODUCT((Salesdata[customers_name]=N15)*ISNUMBER(MATCH(Salesdata[category],salesdata!$A$14:INDEX(salesdata!$A:$A,MATCH("Grand Total",salesdata!$A:$A,0)-1),0))*ISNUMBER(MATCH(Salesdata[product_name],salesdata!$L$14:INDEX(salesdata!$L:$L,MATCH("Grand Total",salesdata!$L:$L,0)-1),0))*IF(Dashboard!$AG$10="(All)",1,--(Salesdata[customers_name]=Dashboard!$AG$10)))>0) -> 1
A16: 115 | B16: 46188 | C16: 15 | D16: Naresh | E16: External HDD | F16: Accessories | G16: 4500 | H16: 1 | I16: 4500 | N16: Ramesh | O16: =--(SUMPRODUCT((Salesdata[customers_name]=N16)*ISNUMBER(MATCH(Salesdata[category],salesdata!$A$14:INDEX(salesdata!$A:$A,MATCH("Grand Total",salesdata!$A:$A,0)-1),0))*ISNUMBER(MATCH(Salesdata[product_name],salesdata!$L$14:INDEX(salesdata!$L:$L,MATCH("Grand Total",salesdata!$L:$L,0)-1),0))*IF(Dashboard!$AG$10="(All)",1,--(Salesdata[customers_name]=Dashboard!$AG$10)))>0) -> 1
A17: 116 | B17: 46189 | C17: 16 | D17: Santosh | E17: Backpack | F17: Accessories | G17: 1200 | H17: 2 | I17: 2400 | N17: Anil | O17: =--(SUMPRODUCT((Salesdata[customers_name]=N17)*ISNUMBER(MATCH(Salesdata[category],salesdata!$A$14:INDEX(salesdata!$A:$A,MATCH("Grand Total",salesdata!$A:$A,0)-1),0))*ISNUMBER(MATCH(Salesdata[product_name],salesdata!$L$14:INDEX(salesdata!$L:$L,MATCH("Grand Total",salesdata!$L:$L,0)-1),0))*IF(Dashboard!$AG$10="(All)",1,--(Salesdata[customers_name]=Dashboard!$AG$10)))>0) -> 1
A18: 117 | B18: 46190 | C18: 17 | D18: Harish | E18: Water Bottle | F18: Accessories | G18: 400 | H18: 4 | I18: 1600 | N18: Prakash | O18: =--(SUMPRODUCT((Salesdata[customers_name]=N18)*ISNUMBER(MATCH(Salesdata[category],salesdata!$A$14:INDEX(salesdata!$A:$A,MATCH("Grand Total",salesdata!$A:$A,0)-1),0))*ISNUMBER(MATCH(Salesdata[product_name],salesdata!$L$14:INDEX(salesdata!$L:$L,MATCH("Grand Total",salesdata!$L:$L,0)-1),0))*IF(Dashboard!$AG$10="(All)",1,--(Salesdata[customers_name]=Dashboard!$AG$10)))>0) -> 1
... A26: 125 | B26: 46198 | C26: 25 | D26: Suresh | E26: Headphones | F26: Electronics | G26: 3000 | H26: 1 | I26: 3000 | N26: Manoj | O26: =--(SUMPRODUCT((Salesdata[customers_name]=N26)*ISNUMBER(MATCH(Salesdata[category],salesdata!$A$14:INDEX(salesdata!$A:$A,MATCH("Grand Total",salesdata!$A:$A,0)-1),0))*ISNUMBER(MATCH(Salesdata[product_name],salesdata!$L$14:INDEX(salesdata!$L:$L,MATCH("Grand Total",salesdata!$L:$L,0)-1),0))*IF(Dashboard!$AG$10="(All)",1,--(Salesdata[customers_name]=Dashboard!$AG$10)))>0) -> 1
A27: 126 | B27: 46199 | C27: 26 | D27: Vijay | E27: Speaker | F27: Electronics | G27: 4000 | H27: 2 | I27: 8000
A28: 127 | B28: 46200 | C28: 27 | D28: Arjun | E28: Pen Drive | F28: Accessories | G28: 800 | H28: 4 | I28: 3200
A29: 128 | B29: 46201 | C29: 28 | D29: Nikhil | E29: Calculator | F29: Stationery | G29: 750 | H29: 5 | I29: 3750
A30: 129 | B30: 46202 | C30: 29 | D30: Mahesh | E30: Laptop | F30: Electronics | G30: 50000 | H30: 1 | I30: 50000
A31: 130 | B31: 46203 | C31: 30 | D31: Ramesh | E31: Smartphone | F31: Electronics | G31: 30000 | H31: 2 | I31: 60000
A32: 131 | B32: 46204 | C32: 31 | D32: Rohit | E32: Office Chair | F32: Furniture | G32: 7000 | H32: 1 | I32: 7000
A33: 132 | B33: 46205 | C33: 32 | D33: Ravi | E33: Backpack | F33: Accessories | G33: 1200 | H33: 3 | I33: 3600
A34: 133 | B34: 46206 | C34: 33 | D34: Ajay | E34: Laptop | F34: Electronics | G34: 55000 | H34: 1 | I34: 55000
A35: 134 | B35: 46207 | C35: 34 | D35: Kiran | E35: Smartphone | F35: Electronics | G35: 35000 | H35: 2 | I35: 70000
A36: 135 | B36: 46208 | C36: 35 | D36: Suresh | E36: Office Chair | F36: Furniture | G36: 7500 | H36: 1 | I36: 7500
A37: 136 | B37: 46209 | C37: 36 | D37: Vijay | E37: External HDD | F37: Accessories | G37: 5000 | H37: 2 | I37: 10000
A38: 137 | B38: 46210 | C38: 37 | D38: Arjun | E38: Mouse | F38: Electronics | G38: 500 | H38: 6 | I38: 3000
... A41: 140 | B41: 46213 | C41: 40 | D41: Ramesh | E41: Water Bottle | F41: Accessories | G41: 400 | H41: 4 | I41: 1600

Sheet salesdata
A1: SALES ANALYSIS DASHBOARD
A2: ="Source: Sales_Data | Last updated: "&TEXT(TODAY(),"dd-mmm-yyyy") -> Source: Sales_Data | Last updated: 18-Aug-2026
A4: Total Sales | C4: Total Orders | E4: Total Quantity | G4: Total Customers
A5: =SUM(Salesdata[sales]) -> 552450 | C5: =COUNTA(Salesdata[order_id]) -> 40 | E5: =SUM(Salesdata[quantity]) -> 90 | G5: 20
A6: Revenue generated | C6: Orders captured | E6: Units sold | G6: Unique customers
A13: Row Labels | B13: Sum of sales | L13: Row Labels | M13: Sum of sales
A14: Electronics | B14: 434600 | L14: Smartphone | M14: 160000
A15: Furniture | B15: 68000 | L15: Laptop | M15: 155000
A16: Accessories | B16: 43900 | C16: sales by category | L16: Tablet | M16: 60000
A17: Stationery | B17: 5950 | L17: Study Table | M17: 36000 | N17: sales by product
A18: Grand Total | B18: 552450 | L18: External HDD | M18: 28000 | Y18: Row Labels | Z18: Sum of sales
L19: Office Chair | M19: 21500 | Y19: Smartphone | Z19: 160000
L20: Headphones | M20: 15500 | Y20: Laptop | Z20: 155000 | AA20: top 5 products by sales
L21: Speaker | M21: 15000 | Y21: Tablet | Z21: 60000
L22: Monitor | M22: 12000 | Y22: Study Table | Z22: 36000
L23: Printer | M23: 8000 | Y23: External HDD | Z23: 28000
L24: Pen Drive | M24: 6700 | Y24: Grand Total | Z24: 439000
A25: Row Labels | B25: Sum of sales | L25: Bookshelf | M25: 6000
A26: 2026 | B26: 552450 | L26: Backpack | M26: 6000
A27: Jun | B27: 356750 | C27: monthly trend sales | L27: Calculator | M27: 4950
A28: Jul | B28: 195700 | L28: Desk Lamp | M28: 4500
A29: Grand Total | B29: 552450 | L29: Mouse | M29: 4000
L30: Webcam | M30: 3600 | S30: customers_name | T30: (All) | U30: customer search filter | AB30: product_name | AC30: (All) | AD30: product search filter
L31: Water Bottle | M31: 3200
L32: Keyboard | M32: 1500
L33: Notebook | M33: 1000
L34: Grand Total | M34: 552450
A37: Row Labels | B37: Sum of quantity | L37: Row Labels | M37: Sum of sales
A38: Electronics | B38: 34 | L38: Kiran | M38: 85000
A39: Accessories | B39: 28 | D39: quantity sold by category | L39: Mahesh | M39: 71600
A40: Stationery | B40: 17 | L40: Ajay | M40: 70000 | N40: top 5 customers by sales
A41: Furniture | B41: 11 | L41: Ramesh | M41: 65100
A42: Grand Total | B42: 90 | L42: Rohit | M42: 62000
L43: Grand Total | M43: 353700
A52: Sum of Total Customers | B52: Sum of Total Sales | C52: Sum of Total Orders | D52: Sum of Total Quantity | G52: Count of order_id
A53: 20 | B53: 552450 | C53: 40 | D53: 90 | G53: 40

Sheet Sheet2
J7: Total Sales | L7: Total Orders | N7: Total Quantity | P7: Total Customers
J8: =SUM(Salesdata[sales]) -> 552450 | L8: =COUNTA(Salesdata[order_id]) -> 40 | N8: =SUM(Salesdata[quantity]) -> 90 | P8: 20
J9: Revenue generated | L9: Orders captured | N9: Units sold | P9: Unique customers
J15: Sum of Total Sales | K15: Sum of Total Customers | L15: Sum of Total Quantity | M15: Sum of Total Orders
J16: 552450 | K16: 20 | L16: 90 | M16: 40
G24: Total Sales | H24: Total Orders | I24: Total Quantity | J24: Total Customers
G25: =SUM(Salesdata[sales]) -> 552450 | H25: =COUNTA(Salesdata[order_id]) -> 40 | I25: =SUM(Salesdata[quantity]) -> 90 | J25: 20
G26: Revenue generated | H26: Orders captured | I26: Units sold | J26: Unique customers

Sheet Dashboard
A1: SALES ANALYSIS DASHBOARD
A2: =" Source: Sales_Data | Last updated: "&TEXT(TODAY(),"dd-mmm-yyyy") -> Source: Sales_Data | Last updated: 18-Aug-2026
A4: Total Sales | D4: Total Orders | G4: Total Quantity | J4: Total Customers
A5: =SUMPRODUCT(Salesdata[sales]*ISNUMBER(MATCH(Salesdata[category],salesdata!$A$14:INDEX(salesdata!$A:$A,MATCH("Grand Total",salesdata!$A:$A,0)-1),0))*ISNUMBER(MATCH(Salesdata[product_name],salesdata!$L$14:INDEX(salesdata!$L:$L,MATCH("Grand Total",salesdata!$L:$L,0)-1),0))*IF($AG$10="(All)",1,--(Salesdata[customers_name]=$AG$10))) -> 552450 | D5: =SUMPRODUCT(ISNUMBER(MATCH(Salesdata[category],salesdata!$A$14:INDEX(salesdata!$A:$A,MATCH("Grand Total",salesdata!$A:$A,0)-1),0))*ISNUMBER(MATCH(Salesdata[product_name],salesdata!$L$14:INDEX(salesdata!$L:$L,MATCH("Grand Total",salesdata!$L:$L,0)-1),0))*IF($AG$10="(All)",1,--(Salesdata[customers_name]=$AG$10))) -> 40 | G5: =SUMPRODUCT(Salesdata[quantity]*ISNUMBER(MATCH(Salesdata[category],salesdata!$A$14:INDEX(salesdata!$A:$A,MATCH("Grand Total",salesdata!$A:$A,0)-1),0))*ISNUMBER(MATCH(Salesdata[product_name],salesdata!$L$14:INDEX(salesdata!$L:$L,MATCH("Grand Total",salesdata!$L:$L,0)-1),0))*IF($AG$10="(All)",1,--(Salesdata[customers_name]=$AG$10))) -> 90 | J5: =SUM(Sheet1!$O$7:$O$26) -> 20
A6: Revenue generated | D6: Orders captured | G6: Units sold | J6: Unique customers
AB10: product_name | AC10: (All) | AF10: customers_name | AG10: (All)
